https://dstif.io/rss/,Dragon Security Threat Intel
https://illicitedge.com/feed/, Illicit Edge
https://intel.taggartinstitute.org/i/?rid=666c9035bc491, Taggar Institute
https://bitcoin.com/feed,Bitcoin.com
https://www.bitcoinmagazine.com/rss,Bitcoin Magazine
https://www.bitcoinist.com/rss,Bitcoinist
https://bitpay.com/blog/feed,BitPay
https://www.cointelegraph.com/rss,Cointelegraph
https://www.thebitcoinblog.com/rss,The Bitcoin Blog
https://www.bitcoinmagazine.com/rss,Bitcoin Magazine
https://www.bitcoin.com/feed,Bitcoin.com
https://web3wire.org/category/web3/feed/gn,Web3Wire
https://beincrypto.com/web3-news/feed,BeInCrypto
https://layer3.mirror.xyz/feed/atom,Layer3
https://web3daily.co/articles?,Web3 Daily
https://appdevelopermagazine.com/web3,App Developer Mag
https://www.theblock.com/web3/rss,The Block
https://www.reutersagency.com/feed/?best-types=the-big-picture&post_type=best,Reuters Big Picture
https://www.reutersagency.com/feed/?best-topics=tech&post_type=best,Reuters Tech
https://www.reutersagency.com/feed/?best-topics=business-finance&post_type=best,Reuters Business & Finance
#https://treasurydirect.gov/TA_WS/securities/announced/rss,US Treasury Offering Announcement
#https://treasurydirect.gov/TA_WS/securities/auctioned/rss,US Treasury Auction Results
https://treasurydirect.gov/NP_WS/debt/feeds/recent,US Treasury Debt to Penny
https://www.treasurydirect.gov/rss/mspd.xml,US Treasury Monthly Statement of the Public Debt
https://www.treasurydirect.gov/rss/sbpro.xml,US Savings Bond Pro Updates
https://www.bis.org/dcms/api/reshub_list/papers_list.rss,BIS Central Bank Research
https://www.federalreserve.gov/feeds/press_enforcement.xml,FRB: Press Release - Enforcement Actions
https://www.federalreserve.gov/feeds/press_monetary.xml,FRB: Press Release - Monetary Policy
https://www.federalreserve.gov/feeds/press_bcreg.xml,FRB: Press Release - Banking/Consumer Reg Policy
https://www.federalreserve.gov/feeds/speeches_and_testimony.xml,FRB: Speeches and Testimony
https://www.federalreserve.gov/feeds/clp.xml,The Fed: Credit and Liquidity Programs and the Balance Sheet
https://oig.federalreserve.gov/feeds/oig.xml, Office of Inspector General for the Board and CFPB
https://www.federalreserve.gov/feeds/boardmeetings.xml,FRB: Board Meeting
https://www.federalreserve.gov/feeds/working_papers.xml,FRB: Working Papers
https://www.ecb.europa.eu/rss/fxref-usd.html,ECB | US dollar (USD) - Euro foreign exchange reference rates 
